{
	"features": [
		{
			"type": "Feature",
			"geometry": {
				"type": "Polygon",
				"coordinates": [
					[
						[
							-29.53821408976046,
							-213.84010255605222
						],
						[
							330.46178591023954,
							-213.84010255605222
						],
						[
							330.46178591023954,
							146.15989744394778
						],
						[
							-29.53821408976046,
							146.15989744394778
						],
						[
							-29.53821408976046,
							-213.84010255605222
						]
					]
				]
			},
			"properties": {
				"burnHour": 0.994950833333333,
				"burnProbabilities": [
					0,
					1,
					1,
					1,
					1,
					1,
					1,
					1,
					1,
					1,
					1,
					1
				],
				"cellID": "24242571"
			}
		},
		{
			"type": "Feature",
			"geometry": {
				"type": "Polygon",
				"coordinates": [
					[
						[
							-29.536268677724877,
							-213.84004872564813
						],
						[
							330.4637313222751,
							-213.84004872564813
						],
						[
							330.4637313222751,
							146.15995127435187
						],
						[
							-29.536268677724877,
							146.15995127435187
						],
						[
							-29.536268677724877,
							-213.84004872564813
						]
					]
				]
			},
			"properties": {
				"burnHour": 0.552314166666667,
				"burnProbabilities": [
					0,
					1,
					1,
					1,
					1,
					1,
					1,
					1,
					1,
					1,
					1,
					1
				],
				"cellID": "24242572"
			}
		}
	],
	"metadata": {
		"incidentIgnitionTimestamp": 1646866800
	},
	"type": "FeatureCollection"
}